Workbook

Sheet 0_Instructions
A1: Department Release & Sigon Management System
A3: Workbook Overview
A5: Sheet Name | B5: Purpose
A6: 0_Instructions | B6: This page — describes each sheet and how to use the workbook
A7: 1_Release Register | B7: Master list of all Releases (type, year, status, cross-year flag). This is the key reference for all other sheets.
A8: 2_eBCI Requests | B8: Tracks eBCI approval form status for every Java Release (Java Releases only)
A9: 3_Env Deployment Schedule | B9: Records the organisation-mandated UT/UA/OT/PR deployment & Sigon dates for each Release
A10: 4_MF Access Requests | B10: Tracks Mainframe access-permission requests for UA/OT/PR deployments (≥15-day advance submission; ≥3 business-day advance verification)
A11: 5_Sigon Assignments | B11: Personnel assignments for each Sigon (Mainframe + Java TDAP/TDWS)
A12: 6_Sigon Execution Log | B12: Actual Sigon execution results, issues found, and follow-up actions
A13: 7_Staff Directory | B13: Department roster (Mainframe team + Java team) — used as dropdown source in other sheets
A14: 8_Leave Calendar | B14: Staff leave records — reference when arranging Sigon assignments
A15: 9_Dashboard | B15: Summary view: Release progress, pending items, and risk alerts
A18: Status Colour Legend
A19: ✅ Completed / Approved
A20: ⏳ In Progress / Pending / To-Do
A21: ❌ Incomplete / Rejected / Overdue
A22: — Not Applicable / N/A
A24: 💡 How to Use
A25: 1. Start in [1_Release Register] — enter each Release. The Release ID is the linking key used by all other sheets.
A26: 2. If the Release includes Java changes, go to [2_eBCI Requests] and log the approval form submission.
A27: 3. Go to [3_Env Deployment Schedule] and enter the organisation-confirmed UT/UA/OT/PR deployment dates.
A28: 4. If the Release includes Mainframe changes, track permission requests in [4_MF Access Requests].
A29: 5. Arrange Sigon personnel in [5_Sigon Assignments], cross-referencing [8_Leave Calendar] for conflicts.
A30: 6. On or after each Sigon, record the outcome in [6_Sigon Execution Log].
A31: 7. Use [9_Dashboard] for an at-a-glance progress and risk summary.

Sheet 1_Release Register
A1: Release Register — Master Record for All Releases
A2: Note: Suggested Release ID format: [Year]-[Type], e.g. 2026-Spring. The Mainframe/Java flags drive the downstream workflow.
A4: Release ID | B4: Release Name | C4: Year | D4: Release Type | E4: Mainframe Changes? | F4: Java Changes? | G4: Java Product(s) | H4: Dev Start Date | I4: Planned PR Go-Live | J4: Cross-Year? | K4: Overall Status
A5: 2026-January | B5: 2026 January Release | C5: 2026 | D5: January | E5: Yes | F5: Yes | G5: TDAP | H5: 2025-10-01 | I5: 2026-01-15 | J5: Yes | K5: In Progress
A6: 2026-February | B6: 2026 February Release | C6: 2026 | D6: February | E6: No | F6: Yes | G6: TDWS | H6: 2025-11-01 | I6: 2026-02-20 | J6: Yes | K6: In Progress
A7: 2026-Spring | B7: 2026 Spring Release | C7: 2026 | D7: Spring | E7: Yes | F7: Yes | G7: TDAP, TDWS | H7: 2026-01-15 | I7: 2026-05-30 | J7: No | K7: Not Started
A8: 2026-Fall | B8: 2026 Fall Release | C8: 2026 | D8: Fall | E8: Yes | F8: No | G8: — | H8: 2026-06-01 | I8: 2026-10-15 | J8: No | K8: Not Started
J9: =IF(AND(H9<>"",I9<>""),IF(YEAR(H9)<>YEAR(I9),"Yes","No"),"")
J10: =IF(AND(H10<>"",I10<>""),IF(YEAR(H10)<>YEAR(I10),"Yes","No"),"")
J11: =IF(AND(H11<>"",I11<>""),IF(YEAR(H11)<>YEAR(I11),"Yes","No"),"")
J12: =IF(AND(H12<>"",I12<>""),IF(YEAR(H12)<>YEAR(I12),"Yes","No"),"")
J13: =IF(AND(H13<>"",I13<>""),IF(YEAR(H13)<>YEAR(I13),"Yes","No"),"")
J14: =IF(AND(H14<>"",I14<>""),IF(YEAR(H14)<>YEAR(I14),"Yes","No"),"")
J15: =IF(AND(H15<>"",I15<>""),IF(YEAR(H15)<>YEAR(I15),"Yes","No"),"")
J16: =IF(AND(H16<>"",I16<>""),IF(YEAR(H16)<>YEAR(I16),"Yes","No"),"")
J17: =IF(AND(H17<>"",I17<>""),IF(YEAR(H17)<>YEAR(I17),"Yes","No"),"")
J18: =IF(AND(H18<>"",I18<>""),IF(YEAR(H18)<>YEAR(I18),"Yes","No"),"")
J19: =IF(AND(H19<>"",I19<>""),IF(YEAR(H19)<>YEAR(I19),"Yes","No"),"")
J20: =IF(AND(H20<>"",I20<>""),IF(YEAR(H20)<>YEAR(I20),"Yes","No"),"")
... J49: =IF(AND(H49<>"",I49<>""),IF(YEAR(H49)<>YEAR(I49),"Yes","No"),"")

Sheet 2_eBCI Requests
A1: eBCI Approval Request Log — Java Releases Only
A2: Note: Every Java Release requires an approved eBCI form before the development cycle begins. Track submission and approval status here.
A4: Release ID | B4: Java Product | C4: Submitted By | D4: Submission Date | E4: Request No. | F4: Status | G4: Approval / Rejection Date | H4: Approver | I4: Notes
A5: 2026-January | B5: TDAP | C5: (Sample) David Chen | D5: 2025-09-15 | E5: EBCI-2025-1001 | F5: Approved | G5: 2025-09-25 | H5: (Sample) Manager A
A6: 2026-February | B6: TDWS | C6: (Sample) Alice Wong | D6: 2025-10-10 | E6: EBCI-2025-1015 | F6: Approved | G6: 2025-10-20 | H6: (Sample) Manager A
A7: 2026-Spring | B7: TDAP | C7: (Sample) David Chen | F7: To Submit | I7: Waiting for dev plan confirmation
A8: 2026-Spring | B8: TDWS | C8: (Sample) Alice Wong | F8: To Submit

Sheet 3_Env Deployment Schedule
A1: Environment Deployment / Sigon Schedule
A2: Note: Dates are set by the organisation. The department must comply. Sigon = post-deployment verification. Update the status column after each Sigon.
A3: Release ID | B3: Change Scope | C3: UT Environment | F3: UA Environment | I3: OT Environment | L3: PR Environment (Go-Live)
C4: Sigon Date | D4: Sigon Status | E4: Notes | F4: Sigon Date | G4: Sigon Status | H4: Notes | I4: Sigon Date | J4: Sigon Status | K4: Notes | L4: Sigon Date | M4: Sigon Status | N4: Notes
A5: 2026-January | B5: Java (TDAP) | C5: 2025-10-15 | D5: Completed | F5: 2025-11-15 | G5: Completed | I5: 2025-12-15 | J5: Completed | L5: 2026-01-15 | M5: Pending
A6: 2026-February | B6: Java (TDWS) | C6: 2025-11-15 | D6: Completed | F6: 2025-12-15 | G6: In Progress | J6: Not Started | L6: 2026-02-20 | M6: Not Started
A7: 2026-Spring | B7: Mainframe + Java | D7: Not Started | G7: Not Started | J7: Not Started | L7: 2026-05-30 | M7: Not Started
A8: 2026-Fall | B8: Mainframe | D8: Not Started | G8: Not Started | J8: Not Started | L8: 2026-10-15 | M8: Not Started

Sheet 4_MF Access Requests
A1: Mainframe Access Permission Request Tracker
A2: Note: Mainframe access for UA/OT/PR must be requested ≥15 calendar days before Sigon. Approval must be verified ≥3 business days before Sigon. Overdue cells turn red automatically.
A4: Release ID | B4: Environment | C4: Sigon Date | D4: Requestor ID | E4: Requestor Name | F4: Request Submission Date | G4: Submission Deadline (Sigon−15 days) | H4: Request Status | I4: Verification Date | J4: Verification Deadline (Sigon−3 bus. days) | K4: Verification Result | L4: Notes
A5: 2026-January | B5: UA | C5: 2025-11-15 | D5: MF001 | E5: (Sample) John Smith | F5: 2025-10-25 | G5: =IF(C5<>"",C5-15,"") -> 45961 | H5: Approved | I5: 2025-11-12 | J5: =IF(C5<>"",WORKDAY(C5,-3),"") -> 45973 | K5: Confirmed
A6: 2026-January | B6: OT | C6: 2025-12-15 | D6: MF001 | E6: (Sample) John Smith | F6: 2025-11-25 | G6: =IF(C6<>"",C6-15,"") -> 45991 | H6: Approved | I6: 2025-12-10 | J6: =IF(C6<>"",WORKDAY(C6,-3),"") -> 46001 | K6: Confirmed
A7: 2026-January | B7: PR | C7: 2026-01-15 | D7: MF002 | E7: (Sample) Mary Lee | F7: 2025-12-25 | G7: =IF(C7<>"",C7-15,"") -> 46022 | H7: Under Review | J7: =IF(C7<>"",WORKDAY(C7,-3),"") -> 46034 | K7: Pending
A8: 2026-Spring | B8: UA | D8: MF001 | E8: (Sample) John Smith | G8: =IF(C8<>"",C8-15,"") | H8: Not Requested | J8: =IF(C8<>"",WORKDAY(C8,-3),"")
G9: =IF(C9<>"",C9-15,"") | J9: =IF(C9<>"",WORKDAY(C9,-3),"")
G10: =IF(C10<>"",C10-15,"") | J10: =IF(C10<>"",WORKDAY(C10,-3),"")
G11: =IF(C11<>"",C11-15,"") | J11: =IF(C11<>"",WORKDAY(C11,-3),"")
G12: =IF(C12<>"",C12-15,"") | J12: =IF(C12<>"",WORKDAY(C12,-3),"")
G13: =IF(C13<>"",C13-15,"") | J13: =IF(C13<>"",WORKDAY(C13,-3),"")
G14: =IF(C14<>"",C14-15,"") | J14: =IF(C14<>"",WORKDAY(C14,-3),"")
G15: =IF(C15<>"",C15-15,"") | J15: =IF(C15<>"",WORKDAY(C15,-3),"")
G16: =IF(C16<>"",C16-15,"") | J16: =IF(C16<>"",WORKDAY(C16,-3),"")
G17: =IF(C17<>"",C17-15,"") | J17: =IF(C17<>"",WORKDAY(C17,-3),"")
G18: =IF(C18<>"",C18-15,"") | J18: =IF(C18<>"",WORKDAY(C18,-3),"")
G19: =IF(C19<>"",C19-15,"") | J19: =IF(C19<>"",WORKDAY(C19,-3),"")
G20: =IF(C20<>"",C20-15,"") | J20: =IF(C20<>"",WORKDAY(C20,-3),"")
... G49: =IF(C49<>"",C49-15,"") | J49: =IF(C49<>"",WORKDAY(C49,-3),"")

Sheet 5_Sigon Assignments
A1: Sigon Execution Personnel Assignments
A2: Note: Assign personnel for each Sigon. Mainframe and Java (TDAP / TDWS) are assigned separately. If resource-constrained, one person may cover both Java products.
A4: Release ID | B4: Environment | C4: Sigon Date | D4: Mainframe Assignee | E4: TDAP Assignee | F4: TDWS Assignee | G4: Resource Conflict? | H4: Confirmation Status | I4: Notes
A5: 2026-January | B5: UT | C5: 2025-10-15 | D5: — | E5: (Sample) David Chen | F5: — | G5: =IF(AND(A5="",D5="",E5="",F5=""),"",IF(OR(AND(D5<>"—",D5<>"",D5=E5),AND(D5<>"—",D5<>"",D5=F5),AND(E5<>"—",E5<>"",E5=F5)),"⚠️ Same person - multi-role","OK")) -> OK | H5: Confirmed | I5: TDAP only
A6: 2026-January | B6: UA | C6: 2025-11-15 | D6: (Sample) John Smith | E6: (Sample) David Chen | F6: — | G6: =IF(AND(A6="",D6="",E6="",F6=""),"",IF(OR(AND(D6<>"—",D6<>"",D6=E6),AND(D6<>"—",D6<>"",D6=F6),AND(E6<>"—",E6<>"",E6=F6)),"⚠️ Same person - multi-role","OK")) -> OK | H6: Confirmed
A7: 2026-January | B7: OT | C7: 2025-12-15 | D7: (Sample) John Smith | E7: (Sample) David Chen | F7: — | G7: =IF(AND(A7="",D7="",E7="",F7=""),"",IF(OR(AND(D7<>"—",D7<>"",D7=E7),AND(D7<>"—",D7<>"",D7=F7),AND(E7<>"—",E7<>"",E7=F7)),"⚠️ Same person - multi-role","OK")) -> OK | H7: Confirmed
A8: 2026-January | B8: PR | C8: 2026-01-15 | D8: (Sample) Mary Lee | E8: (Sample) David Chen | F8: — | G8: =IF(AND(A8="",D8="",E8="",F8=""),"",IF(OR(AND(D8<>"—",D8<>"",D8=E8),AND(D8<>"—",D8<>"",D8=F8),AND(E8<>"—",E8<>"",E8=F8)),"⚠️ Same person - multi-role","OK")) -> OK | H8: Pending | I8: MF covered by Mary
A9: 2026-February | B9: UA | C9: 2025-12-15 | D9: — | E9: — | F9: (Sample) Alice Wong | G9: =IF(AND(A9="",D9="",E9="",F9=""),"",IF(OR(AND(D9<>"—",D9<>"",D9=E9),AND(D9<>"—",D9<>"",D9=F9),AND(E9<>"—",E9<>"",E9=F9)),"⚠️ Same person - multi-role","OK")) -> OK | H9: Confirmed | I9: TDWS only
G10: =IF(AND(A10="",D10="",E10="",F10=""),"",IF(OR(AND(D10<>"—",D10<>"",D10=E10),AND(D10<>"—",D10<>"",D10=F10),AND(E10<>"—",E10<>"",E10=F10)),"⚠️ Same person - multi-role","OK"))
G11: =IF(AND(A11="",D11="",E11="",F11=""),"",IF(OR(AND(D11<>"—",D11<>"",D11=E11),AND(D11<>"—",D11<>"",D11=F11),AND(E11<>"—",E11<>"",E11=F11)),"⚠️ Same person - multi-role","OK"))
G12: =IF(AND(A12="",D12="",E12="",F12=""),"",IF(OR(AND(D12<>"—",D12<>"",D12=E12),AND(D12<>"—",D12<>"",D12=F12),AND(E12<>"—",E12<>"",E12=F12)),"⚠️ Same person - multi-role","OK"))
G13: =IF(AND(A13="",D13="",E13="",F13=""),"",IF(OR(AND(D13<>"—",D13<>"",D13=E13),AND(D13<>"—",D13<>"",D13=F13),AND(E13<>"—",E13<>"",E13=F13)),"⚠️ Same person - multi-role","OK"))
G14: =IF(AND(A14="",D14="",E14="",F14=""),"",IF(OR(AND(D14<>"—",D14<>"",D14=E14),AND(D14<>"—",D14<>"",D14=F14),AND(E14<>"—",E14<>"",E14=F14)),"⚠️ Same person - multi-role","OK"))
G15: =IF(AND(A15="",D15="",E15="",F15=""),"",IF(OR(AND(D15<>"—",D15<>"",D15=E15),AND(D15<>"—",D15<>"",D15=F15),AND(E15<>"—",E15<>"",E15=F15)),"⚠️ Same person - multi-role","OK"))
G16: =IF(AND(A16="",D16="",E16="",F16=""),"",IF(OR(AND(D16<>"—",D16<>"",D16=E16),AND(D16<>"—",D16<>"",D16=F16),AND(E16<>"—",E16<>"",E16=F16)),"⚠️ Same person - multi-role","OK"))
G17: =IF(AND(A17="",D17="",E17="",F17=""),"",IF(OR(AND(D17<>"—",D17<>"",D17=E17),AND(D17<>"—",D17<>"",D17=F17),AND(E17<>"—",E17<>"",E17=F17)),"⚠️ Same person - multi-role","OK"))
G18: =IF(AND(A18="",D18="",E18="",F18=""),"",IF(OR(AND(D18<>"—",D18<>"",D18=E18),AND(D18<>"—",D18<>"",D18=F18),AND(E18<>"—",E18<>"",E18=F18)),"⚠️ Same person - multi-role","OK"))
G19: =IF(AND(A19="",D19="",E19="",F19=""),"",IF(OR(AND(D19<>"—",D19<>"",D19=E19),AND(D19<>"—",D19<>"",D19=F19),AND(E19<>"—",E19<>"",E19=F19)),"⚠️ Same person - multi-role","OK"))
G20: =IF(AND(A20="",D20="",E20="",F20=""),"",IF(OR(AND(D20<>"—",D20<>"",D20=E20),AND(D20<>"—",D20<>"",D20=F20),AND(E20<>"—",E20<>"",E20=F20)),"⚠️ Same person - multi-role","OK"))
G21: =IF(AND(A21="",D21="",E21="",F21=""),"",IF(OR(AND(D21<>"—",D21<>"",D21=E21),AND(D21<>"—",D21<>"",D21=F21),AND(E21<>"—",E21<>"",E21=F21)),"⚠️ Same person - multi-role","OK"))
... G49: =IF(AND(A49="",D49="",E49="",F49=""),"",IF(OR(AND(D49<>"—",D49<>"",D49=E49),AND(D49<>"—",D49<>"",D49=F49),AND(E49<>"—",E49<>"",E49=F49)),"⚠️ Same person - multi-role","OK"))

Sheet 6_Sigon Execution Log
A1: Sigon Execution Results Log
A2: Note: Complete this sheet on or after each Sigon. Record the actual outcome, issues found, and any follow-up actions required.
A4: Release ID | B4: Environment | C4: Sigon Date | D4: Actual Start | E4: Actual End | F4: Result | G4: Issues Found (#) | H4: Issue Description / JIRA Tickets | I4: Follow-up Actions | J4: Logged By
A5: 2026-January | B5: UT | C5: 2025-10-15 | D5: 09:00 | E5: 11:30 | F5: Success | G5: 0 | H5: None | I5: Proceed to UA prep | J5: (Sample) David Chen
A6: 2026-January | B6: UA | C6: 2025-11-15 | D6: 10:00 | E6: 14:00 | F6: Success | G6: 2 | H6: JIRA-1234, JIRA-1235 (resolved) | I6: Proceed to OT | J6: (Sample) John Smith
A7: 2026-January | B7: OT | C7: 2025-12-15 | D7: 10:00 | E7: 15:00 | F7: Success | G7: 1 | H7: JIRA-1240 (resolved) | I7: Prepare for PR go-live | J7: (Sample) John Smith

Sheet 8_Leave Calendar
A1: Staff Leave Register
A2: Note: Log all planned leave here so that Sigon assignment conflicts can be identified early.
A4: Employee ID | B4: Full Name | C4: Leave Type | D4: Start Date | E4: End Date | F4: Notes
A5: JV001 | B5: (Sample) David Chen | C5: Annual Leave | D5: 2026-02-10 | E5: 2026-02-17 | F5: Lunar New Year
A6: MF001 | B6: (Sample) John Smith | C6: Sick Leave | D6: 2026-03-05 | E6: 2026-03-07

Sheet 9_Dashboard
A1: Release Management Dashboard
A2: Auto-summary — sources: 1_Release Register / 2_eBCI Requests / 4_MF Access Requests. Click through to each sheet for details.
A4: 📊 Release Status Summary | D4: 📝 eBCI Approval Status
A5: Status | B5: Count | D5: Status | E5: Count
A6: Not Started | B6: =COUNTIF('1_Release Register'!K5:K100,"Not Started") -> 2 | D6: To Submit | E6: =COUNTIF('2_eBCI Requests'!F5:F100,"To Submit") -> 2
A7: In Progress | B7: =COUNTIF('1_Release Register'!K5:K100,"In Progress") -> 2 | D7: Submitted | E7: =COUNTIF('2_eBCI Requests'!F5:F100,"Submitted") -> 0
A8: In Testing | B8: =COUNTIF('1_Release Register'!K5:K100,"In Testing") -> 0 | D8: Under Review | E8: =COUNTIF('2_eBCI Requests'!F5:F100,"Under Review") -> 0
A9: Live | B9: =COUNTIF('1_Release Register'!K5:K100,"Live") -> 0 | D9: Approved | E9: =COUNTIF('2_eBCI Requests'!F5:F100,"Approved") -> 2
A10: Cancelled | B10: =COUNTIF('1_Release Register'!K5:K100,"Cancelled") -> 0 | D10: Rejected | E10: =COUNTIF('2_eBCI Requests'!F5:F100,"Rejected") -> 0
A11: Total | B11: =SUM(B6:B10) -> 4
A13: 🔐 MF Access Request Status | D13: ⚠️ Risk Alerts
A14: Status | B14: Count | D14: Item | E14: Count
A15: Not Requested | B15: =COUNTIF('4_MF Access Requests'!H5:H100,"Not Requested") -> 1 | D15: MF requests overdue (not yet approved) | E15: =SUMPRODUCT(('4_MF Access Requests'!G5:G100<TODAY())*('4_MF Access Requests'!G5:G100<>"")*('4_MF Access Requests'!H5:H100<>"Approved")*('4_MF Access Requests'!H5:H100<>"Rejected")) -> 1
A16: Submitted | B16: =COUNTIF('4_MF Access Requests'!H5:H100,"Submitted") -> 0 | D16: MF verifications overdue (not confirmed) | E16: =SUMPRODUCT(('4_MF Access Requests'!J5:J100<TODAY())*('4_MF Access Requests'!J5:J100<>"")*('4_MF Access Requests'!K5:K100<>"Confirmed")) -> 1
A17: Under Review | B17: =COUNTIF('4_MF Access Requests'!H5:H100,"Under Review") -> 1 | D17: Sigon assignments pending confirmation | E17: =COUNTIF('5_Sigon Assignments'!H5:H100,"Pending") -> 1
A18: Approved | B18: =COUNTIF('4_MF Access Requests'!H5:H100,"Approved") -> 2 | D18: Sigon resource conflicts detected | E18: =COUNTIF('5_Sigon Assignments'!G5:G100,"*⚠️*") -> 0
A19: Rejected | B19: =COUNTIF('4_MF Access Requests'!H5:H100,"Rejected") -> 0
A20: 📅 Upcoming Sigons (refer to 3_Env Deployment Schedule and 5_Sigon Assignments for details)
A21: Sigon count in the next 30 days (UT + UA + OT + PR combined) | E21: =SUMPRODUCT((('3_Env Deployment Schedule'!C5:C100>=TODAY())*('3_Env Deployment Schedule'!C5:C100<=TODAY()+30))+(('3_Env Deployment Schedule'!F5:F100>=TODAY())*('3_Env Deployment Schedule'!F5:F100<=TODAY()+30))+(('3_Env Deployment Schedule'!I5:I100>=TODAY())*('3_Env Deployment Schedule'!I5:I100<=TODAY()+30))+(('3_Env Deployment Schedule'!L5:L100>=TODAY())*('3_Env Deployment Schedule'!L5:L100<=TODAY()+30))) -> 0

Sheet 7_Staff Directory
A1: Department Staff Directory
A3: Employee ID | B3: Full Name | C3: Team | D3: Product / Role | E3: Notes
A4: MF001 | B4: (Sample) John Smith | C4: Mainframe | D4: Mainframe Dev | E4: Has permanent UT access
A5: MF002 | B5: (Sample) Mary Lee | C5: Mainframe | D5: Mainframe Dev
A6: JV001 | B6: (Sample) David Chen | C6: Java | D6: TDAP
A7: JV002 | B7: (Sample) Alice Wong | C7: Java | D7: TDWS
A8: JV003 | B8: (Sample) Bob Martin | C8: Java | D8: TDAP / TDWS | E8: Can cover both products
